YYY,YYYY
000,2000
001,2001
002,2002
003,2003
004,2004
005,2005
006,2006
007,2007
008,2008
009,2009
010,2010
011,2011
012,2012
013,2013
014,2014
015,2015
016,2016
017,2017
018,2018
019,2019
020,2020
021,2021
022,2022
023,2023
024,2024
025,2025
026,2026
027,2027
028,2028
029,2029
030,2030
031,2031
032,2032
033,2033
034,2034
035,2035
036,2036
037,2037
038,2038
039,2039
040,2040
041,2041
042,2042
043,2043
044,2044
045,2045
046,2046
047,2047
048,2048
049,2049
050,2050
051,2051
052,2052
053,2053
054,2054
055,2055
056,2056
057,2057
058,2058
059,2059
060,2060
061,2061
062,2062
063,2063
064,2064
065,2065
066,2066
067,2067
068,2068
069,2069
070,2070
071,2071
072,2072
073,2073
074,2074
075,2075
076,2076
077,2077
078,2078
079,2079
080,2080
081,2081
082,2082
083,2083
084,2084
085,2085
086,2086
087,2087
088,2088
089,2089
090,2090
091,2091
092,2092
093,2093
094,2094
095,2095
096,2096
097,2097
098,2098
099,2099
100,2100
101,2101
102,2102
103,2103
104,2104
105,2105
106,2106
107,2107
108,2108
109,2109
110,2110
111,2111
112,2112
113,2113
114,2114
115,2115
116,2116
117,2117
118,2118
119,2119
120,2120
121,2121
122,2122
123,2123
124,2124
125,2125
126,2126
127,2127
128,2128
129,2129
130,2130
131,2131
132,2132
133,2133
134,2134
135,2135
136,2136
137,2137
138,2138
139,2139
140,2140
141,2141
142,2142
143,2143
144,2144
145,2145
146,2146
147,2147
148,2148
149,2149
150,2150
151,2151
152,2152
153,2153
154,2154
155,2155
156,2156
157,2157
158,2158
159,2159
160,2160
161,2161
162,2162
163,2163
164,2164
165,2165
166,2166
167,2167
168,2168
169,2169
170,2170
171,2171
172,2172
173,2173
174,2174
175,2175
176,2176
177,2177
178,2178
179,2179
180,2180
181,2181
182,2182
183,2183
184,2184
185,2185
186,2186
187,2187
188,2188
189,2189
190,2190
191,2191
192,2192
193,2193
194,2194
195,2195
196,2196
197,2197
198,2198
199,2199
200,2200
201,2201
202,2202
203,2203
204,2204
205,2205
206,2206
207,2207
208,2208
209,2209
210,2210
211,2211
212,2212
213,2213
214,2214
215,2215
216,2216
217,2217
218,2218
219,2219
220,2220
221,2221
222,2222
223,2223
224,2224
225,2225
226,2226
227,2227
228,2228
229,2229
230,2230
231,2231
232,2232
233,2233
234,2234
235,2235
236,2236
237,2237
238,2238
239,2239
240,2240
241,2241
242,2242
243,2243
244,2244
245,2245
246,2246
247,2247
248,2248
249,2249
250,2250
251,2251
252,2252
253,2253
254,2254
255,2255
256,2256
257,2257
258,2258
259,2259
260,2260
261,2261
262,2262
263,2263
264,2264
265,2265
266,2266
267,2267
268,2268
269,2269
270,2270
271,2271
272,2272
273,2273
274,2274
275,2275
276,2276
277,2277
278,2278
279,2279
280,2280
281,2281
282,2282
283,2283
284,2284
285,2285
286,2286
287,2287
288,2288
289,2289
290,2290
291,2291
292,2292
293,2293
294,2294
295,2295
296,2296
297,2297
298,2298
299,2299
300,2300
301,2301
302,2302
303,2303
304,2304
305,2305
306,2306
307,2307
308,2308
309,2309
310,2310
311,2311
312,2312
313,2313
314,2314
315,2315
316,2316
317,2317
318,2318
319,2319
320,2320
321,2321
322,2322
323,2323
324,2324
325,2325
326,2326
327,2327
328,2328
329,2329
330,2330
331,2331
332,2332
333,2333
334,2334
335,2335
336,2336
337,2337
338,2338
339,2339
340,2340
341,2341
342,2342
343,2343
344,2344
345,2345
346,2346
347,2347
348,2348
349,2349
350,2350
351,2351
352,2352
353,2353
354,2354
355,2355
356,2356
357,2357
358,2358
359,2359
360,2360
361,2361
362,2362
363,2363
364,2364
365,2365
366,2366
367,2367
368,2368
369,2369
370,2370
371,2371
372,2372
373,2373
374,2374
375,2375
376,2376
377,2377
378,2378
379,2379
380,2380
381,2381
382,2382
383,2383
384,2384
385,2385
386,2386
387,2387
388,2388
389,2389
390,2390
391,2391
392,2392
393,2393
394,2394
395,2395
396,2396
397,2397
398,2398
399,2399
400,2400
401,2401
402,2402
403,2403
404,2404
405,2405
406,2406
407,2407
408,2408
409,2409
410,2410
411,2411
412,2412
413,2413
414,2414
415,2415
416,2416
417,2417
418,2418
419,2419
420,2420
421,2421
422,2422
423,2423
424,2424
425,2425
426,2426
427,2427
428,2428
429,2429
430,2430
431,2431
432,2432
433,2433
434,2434
435,2435
436,2436
437,2437
438,2438
439,2439
440,2440
441,2441
442,2442
443,2443
444,2444
445,2445
446,2446
447,2447
448,2448
449,2449
450,2450
451,2451
452,2452
453,2453
454,2454
455,2455
456,2456
457,2457
458,2458
459,2459
460,2460
461,2461
462,2462
463,2463
464,2464
465,2465
466,2466
467,2467
468,2468
469,2469
470,2470
471,2471
472,2472
473,2473
474,2474
475,2475
476,2476
477,2477
478,2478
479,2479
480,2480
481,2481
482,2482
483,2483
484,2484
485,2485
486,2486
487,2487
488,2488
489,2489
490,2490
491,2491
492,2492
493,2493
494,2494
495,2495
496,2496
497,2497
498,2498
499,2499
500,2500
501,2501
502,2502
503,2503
504,2504
505,2505
506,2506
507,2507
508,2508
509,2509
510,2510
511,2511
512,2512
513,2513
514,2514
515,2515
516,2516
517,2517
518,2518
519,2519
520,2520
521,2521
522,2522
523,2523
524,2524
525,2525
526,2526
527,2527
528,2528
529,2529
530,2530
531,2531
532,2532
533,2533
534,2534
535,2535
536,2536
537,2537
538,2538
539,2539
540,2540
541,2541
542,2542
543,2543
544,2544
545,2545
546,2546
547,2547
548,2548
549,2549
550,2550
551,2551
552,2552
553,2553
554,2554
555,2555
556,2556
557,2557
558,2558
559,2559
560,2560
561,2561
562,2562
563,2563
564,2564
565,2565
566,2566
567,2567
568,2568
569,2569
570,2570
571,2571
572,2572
573,2573
574,2574
575,2575
576,2576
577,2577
578,2578
579,2579
580,2580
581,2581
582,2582
583,2583
584,2584
585,2585
586,2586
587,2587
588,2588
589,2589
590,2590
591,2591
592,2592
593,2593
594,2594
595,2595
596,2596
597,2597
598,2598
599,2599
600,2600
601,2601
602,2602
603,2603
604,2604
605,2605
606,2606
607,2607
608,2608
609,2609
610,2610
611,2611
612,2612
613,2613
614,2614
615,2615
616,2616
617,2617
618,2618
619,2619
620,2620
621,2621
622,2622
623,2623
624,2624
625,2625
626,2626
627,2627
628,2628
629,2629
630,2630
631,2631
632,2632
633,2633
634,2634
635,2635
636,2636
637,2637
638,2638
639,2639
640,2640
641,2641
642,2642
643,2643
644,2644
645,2645
646,2646
647,2647
648,2648
649,2649
650,2650
651,2651
652,2652
653,2653
654,2654
655,2655
656,2656
657,2657
658,2658
659,2659
660,2660
661,2661
662,2662
663,2663
664,2664
665,2665
666,2666
667,2667
668,2668
669,2669
670,2670
671,2671
672,2672
673,2673
674,2674
675,2675
676,2676
677,2677
678,2678
679,2679
680,2680
681,2681
682,2682
683,2683
684,2684
685,2685
686,2686
687,2687
688,2688
689,2689
690,2690
691,2691
692,2692
693,2693
694,2694
695,2695
696,2696
697,2697
698,2698
699,2699
700,2700
701,2701
702,2702
703,2703
704,2704
705,2705
706,2706
707,2707
708,2708
709,2709
710,2710
711,2711
712,2712
713,2713
714,2714
715,2715
716,2716
717,2717
718,2718
719,2719
720,2720
721,2721
722,2722
723,2723
724,2724
725,2725
726,2726
727,2727
728,2728
729,2729
730,2730
731,2731
732,2732
733,2733
734,2734
735,2735
736,2736
737,2737
738,2738
739,2739
740,2740
741,2741
742,2742
743,2743
744,2744
745,2745
746,2746
747,2747
748,2748
749,2749
750,2750
751,2751
752,2752
753,2753
754,2754
755,2755
756,2756
757,2757
758,2758
759,2759
760,2760
761,2761
762,2762
763,2763
764,2764
765,2765
766,2766
767,2767
768,2768
769,2769
770,2770
771,2771
772,2772
773,2773
774,2774
775,2775
776,2776
777,2777
778,2778
779,2779
780,2780
781,2781
782,2782
783,2783
784,2784
785,2785
786,2786
787,2787
788,2788
789,2789
790,2790
791,2791
792,2792
793,2793
794,2794
795,2795
796,2796
797,2797
798,2798
799,2799
800,1800
801,1801
802,1802
803,1803
804,1804
805,1805
806,1806
807,1807
808,1808
809,1809
810,1810
811,1811
812,1812
813,1813
814,1814
815,1815
816,1816
817,1817
818,1818
819,1819
820,1820
821,1821
822,1822
823,1823
824,1824
825,1825
826,1826
827,1827
828,1828
829,1829
830,1830
831,1831
832,1832
833,1833
834,1834
835,1835
836,1836
837,1837
838,1838
839,1839
840,1840
841,1841
842,1842
843,1843
844,1844
845,1845
846,1846
847,1847
848,1848
849,1849
850,1850
851,1851
852,1852
853,1853
854,1854
855,1855
856,1856
857,1857
858,1858
859,1859
860,1860
861,1861
862,1862
863,1863
864,1864
865,1865
866,1866
867,1867
868,1868
869,1869
870,1870
871,1871
872,1872
873,1873
874,1874
875,1875
876,1876
877,1877
878,1878
879,1879
880,1880
881,1881
882,1882
883,1883
884,1884
885,1885
886,1886
887,1887
888,1888
889,1889
890,1890
891,1891
892,1892
893,1893
894,1894
895,1895
896,1896
897,1897
898,1898
899,1899
900,1900
901,1901
902,1902
903,1903
904,1904
905,1905
906,1906
907,1907
908,1908
909,1909
910,1910
911,1911
912,1912
913,1913
914,1914
915,1915
916,1916
917,1917
918,1918
919,1919
920,1920
921,1921
922,1922
923,1923
924,1924
925,1925
926,1926
927,1927
928,1928
929,1929
930,1930
931,1931
932,1932
933,1933
934,1934
935,1935
936,1936
937,1937
938,1938
939,1939
940,1940
941,1941
942,1942
943,1943
944,1944
945,1945
946,1946
947,1947
948,1948
949,1949
950,1950
951,1951
952,1952
953,1953
954,1954
955,1955
956,1956
957,1957
958,1958
959,1959
960,1960
961,1961
962,1962
963,1963
964,1964
965,1965
966,1966
967,1967
968,1968
969,1969
970,1970
971,1971
972,1972
973,1973
974,1974
975,1975
976,1976
977,1977
978,1978
979,1979
980,1980
981,1981
982,1982
983,1983
984,1984
985,1985
986,1986
987,1987
988,1988
989,1989
990,1990
991,1991
992,1992
993,1993
994,1994
995,1995
996,1996
997,1997
998,1998
999,1999
TEST,TEST
